"time_parse","usr_parse","msg_parse"
"2023-10-13 01:40:49","mariarahel!~maria","mom can fuck off"
"2023-10-15 00:57:11","mariarahel!~maria","no but their choosing of the gmp-like implementation is related to knowing it fucks up modpow based handshakes"
"2023-10-16 02:17:14","mariarahel!~maria","fuck off"
"2023-10-16 02:17:38","mariarahel!~maria","so fuck off"
"2023-10-16 16:34:40","mariarahel!~maria","Brigham Young Fucked That Up"
"2023-10-16 20:29:05","mariarahel!~maria","fuck off"
"2023-10-16 20:30:23","mariarahel!~maria","fuck off"
"2023-10-16 20:30:57","mariarahel!~maria","you and your prevailing narrative can fuck off"
"2023-10-16 20:31:10","mariarahel!~maria","fuck off"
"2023-10-16 20:32:22","mariarahel!~maria","you will fuck off"
"2023-10-16 20:32:56","mariarahel!~maria","you will find that you are going to fuck off"
"2023-10-16 20:33:49","mariarahel!~maria","fuck off"
"2023-10-16 20:35:27","mariarahel!~maria","fuck off"
"2023-10-16 20:35:44","mariarahel!~maria","i strongly suggest that you fuck off"
"2023-10-16 20:36:53","mariarahel!~maria","you're going to fuck off either way"
"2023-10-16 20:44:40","mariarahel!~maria","Apologise Or You Will Be Forced To Fuck Off"
"2023-10-17 21:01:31","mariarahel!~maria","hence fuck off"
"2023-10-18 23:16:43","mariarahel!~maria","like a god damn fucking vitamin for the wicked"
"2023-10-18 23:18:17","mariarahel!~maria","my fuck off eternally stands"
"2023-10-19 00:02:40","mariarahel!~maria","fuck off b3"
"2023-10-19 16:04:50","mariarahel!~maria","if so then it should fuck off"
"2023-10-19 16:54:11","mariarahel!~maria","if i have my way then court can fuck off"
"2023-10-23 18:00:07","mariarahel!~maria","if you have a lot of crookeds then fuck off"
"2023-10-23 19:41:01","mariarahel!~maria","Fuck Those Guys"
"2023-10-23 19:41:30","mariarahel!~maria","Blow Those Motherfuckers Away"
"2023-11-09 23:15:38","mariarahel!~maria","then fuck off"
"2023-11-10 01:46:08","mariarahel!~maria","they started inventing france in 1928 when it all started to get really fucked up"
"2023-11-10 14:37:55","mariarahel!~maria","They Killed The Fuck Out Of Him"
"2023-11-10 14:51:33","mariarahel!~maria","The Baton Holders That Killed The Fuck Out Of Remigius Found Alcohol To Be Incompatible With Sacrament"
"2023-11-10 15:06:51","mariarahel!~maria","Kashmir Can Fuck Off"
"2023-11-10 18:11:29","mariarahel!~maria","Show That Motherfucker Business"
"2023-11-12 01:04:31","mariarahel!~maria","Fucking Retard"
"2023-11-12 01:10:07","mariarahel!~maria","23 & Fucking Retard Billy Gardell"
"2023-11-12 01:22:39","mariarahel!~maria","I'd Really Like To See You Receive Comprehensive Thanks For Your Fucking Service, Billy Gardell"
"2023-11-12 01:36:13","mariarahel!~maria","We Speak For All Nicaragua When We Say Fuck Off"
"2023-11-12 01:40:17","mariarahel!~maria","Only Fuck Off Forever"
"2023-11-12 03:16:25","mariarahel!~maria","So Fuck Off Billy Gardell"
"2023-11-12 03:16:34","mariarahel!~maria","Fuck Off This Mortal Coil"
"2023-11-12 03:57:24","mariarahel!~maria","New Hampshire Can Fuck Off"
"2023-11-12 03:59:05","mariarahel!~maria","Every Other State That Wants To Sanctify Megaton Events With The Secret Service Can Also Fuck Off"
"2023-11-13 00:22:13","mariarahel!~maria","American Sign Language Hate Speech Can Fuck Off"
"2023-11-13 14:53:42","mariarahel!~maria","And It Was Fucking Retards"
"2023-11-13 15:12:09","mariarahel!~maria","fucking retardation"
"2023-11-13 17:06:53","mariarahel!~maria","Erudite Prognostication Psychotherapy In American Sign Language Can Fuck Off"
"2023-11-13 21:47:24","mariarahel!~maria","Hide Eggs On Easter And Reject The Existence Of That Distant Motherfucker"
"2023-11-13 21:48:47","mariarahel!~maria","Don't Even Bring That Distant Motherfucker Up"
"2023-11-13 21:49:23","mariarahel!~maria","Same As Fucking Christmas"
"2023-11-13 21:50:40","mariarahel!~maria","Don't You Dare Even Think About Referring To Her Preeminent Goal Of Rejecting That Singular Motherfucker's Entire Family As Genocide"
"2023-11-13 22:07:12","mariarahel!~maria","We Might Really Never Know If She Expected That Singular Motherfucker Or His Family To Ever Stand Up Against Her"
"2023-11-13 22:27:27","mariarahel!~maria","That Singular Motherfucker Missed Easter"
"2023-11-14 00:22:16","mariarahel!~maria","So Unus Sed Leo Can Fuck Off"
"2023-11-14 01:21:52","mariarahel!~maria","Two Symbol ASL Maacht Fuck Off"
"2023-11-14 02:16:37","mariarahel!~maria","Solicitation Can Fuck Off"
"2023-11-14 16:30:11","mariarahel!~maria","777 Can Fuck Off ?"
"2023-11-14 17:01:04","mariarahel!~maria","But Leo Can Fuck Off"
"2023-11-14 17:15:27","mariarahel!~maria","Then They Agree To Fuck Off"
"2023-11-14 17:22:36","mariarahel!~maria","Dungeness Crab Can Fuck Off"
"2023-11-14 17:40:11","mariarahel!~maria","So Politics Can Fuck Off"
"2023-11-14 18:53:44","mariarahel!~maria","Chuck Lorre Can Fuck Off"
"2023-11-14 21:51:14","mariarahel!~maria","You Are Fucked"
"2023-11-14 21:52:13","mariarahel!~maria","Who Is In A Position To Be Fucked If They Cannot Sting ?"
"2023-11-14 22:55:17","mariarahel!~maria","The Atropa Ecosystem Is Never Going To Give A Fuck About Grace Kelly's Privy Council To The 4 Gender Secret"
"2023-11-14 23:17:29","mariarahel!~maria","Apostolic Camera Can Fuck Off"
"2023-11-15 14:52:40","mariarahel!~maria","Just Use Braille For Fucks Sake"
"2023-11-15 21:21:58","mariarahel!~maria","So Pondicherry Can Fuck Off"
"2023-11-15 22:17:17","mariarahel!~maria","Motherfucker"
"2023-11-15 22:20:52","mariarahel!~maria","Fuck The Welt"
"2023-11-15 22:22:05","mariarahel!~maria","No Other Motherfuckin Basket"
"2023-11-15 22:30:50","mariarahel!~maria","Just Answer Motherfucker"
"2023-11-15 22:36:18","mariarahel!~maria","Bongbong Marcos Can Fuck Off"
"2023-11-15 22:38:03","mariarahel!~maria","666 Motherfucker"
"2023-11-15 22:55:24","mariarahel!~maria","Grace Motherfuckin Kelly Collins"
"2023-11-15 23:12:08","mariarahel!~maria","Fuck Off"
"2023-11-15 23:15:03","mariarahel!~maria","Tell Kalki To Fuck Off, Tom Cruise"
"2023-11-15 23:23:13","mariarahel!~maria","We Gon Prank The Fuck Out Of Kalki"
"2023-11-15 23:27:59","mariarahel!~maria","Ubisoft Can Fuck Off"
"2023-11-15 23:48:48","mariarahel!~maria","5 Motherfucking Minutes"
"2023-11-15 23:52:40","mariarahel!~maria","23 Skidoo Can Fuck Off"
"2023-11-16 00:12:58","mariarahel!~maria","The 23 Peddling Opium With Blood & Shit In It Can Fuck Off"
"2023-11-16 00:32:49","mariarahel!~maria","Renin Can Fuck Off"
"2023-11-16 00:33:32","mariarahel!~maria","Renin Can Fuck Off, Ninja Nerds"
"2023-11-16 00:38:55","mariarahel!~maria","Fuck Off"
"2023-11-16 00:46:03","mariarahel!~maria","We Only Want You To Fuck Off"
"2023-11-16 00:51:17","mariarahel!~maria","CalTech Can Fuck Off"
"2023-11-16 01:03:46","mariarahel!~maria","Phi Gamma Delta Fraternity Can Fuck Off"
"2023-11-16 01:38:26","mariarahel!~maria","Year Of The Motherfuckin Dragon"
"2023-11-16 01:43:47","mariarahel!~maria","Microsoft Can Fuck Off"
"2023-11-16 17:47:21","mariarahel!~maria","President Reagan Is Welcome To Tell Him To Fuck Off"
"2023-11-16 19:04:01","mariarahel!~maria","Kampf Can Fuck Off"
"2023-11-16 19:04:45","mariarahel!~maria","Kampf Can Fuck Off To Amtkampf"
"2023-11-16 19:06:13","mariarahel!~maria","Who's That Emergency Kampf Motherfucker ?"
"2023-11-16 19:19:34","mariarahel!~maria","Losers Can Fuck Off"
"2023-11-16 21:18:06","mariarahel!~maria","I Don't Give A Fuck If You Reference Him By Name"
"2023-11-16 21:59:49","mariarahel!~maria","Can The Continental Dollar Fuck Off ?"
"2023-11-16 22:27:53","mariarahel!~maria","Is This ""Fuck Off You Don't Know That"" ?"
"2023-11-17 03:13:41","mariarahel!~maria","I'm Not Allowed To Hypnotise People It Will Lead To Me Wanting Them To Fuck Off"
"2023-11-17 14:35:37","mariarahel!~maria","Don't Fuck With Catch 115 Yet"
"2023-11-17 14:36:59","mariarahel!~maria","Baby Girl First Cries When You Fuck With Catch 115 TM"
"2023-11-18 02:21:45","mariarahel!~maria","Or Fuck Off"
"2023-11-18 19:41:00","mariarahel!~maria","I Said Fuck Off"
"2023-11-18 20:58:58","mariarahel!~maria","Charles Motherfucking Schwab"
"2023-11-18 22:17:26","mariarahel!~maria","Charles Schwab Won't Fuck Off"
"2023-11-20 00:35:12","mariarahel!~maria","Appointees Can Fuck Off"
"2023-11-20 00:42:37","mariarahel!~maria","Sortition Buddies Can Fuck Off"
"2023-11-20 01:10:21","mariarahel!~maria","My Bar Is Pretty Fucking Low"
"2023-11-20 16:04:49","mariarahel!~maria","Everybody Can Fuck Off"
"2023-11-20 18:23:16","mariarahel!~maria","Go Fuck The Lord"
"2023-11-20 18:56:35","mariarahel!~maria","contrite as fuck"
"2023-11-20 18:57:10","mariarahel!~maria","and it can only fuck off"
"2023-11-20 19:23:15","mariarahel!~maria","He Can Fuck Off"
"2023-11-20 19:39:18","mariarahel!~maria","Postulates Can Fuck Off"
"2023-11-20 19:42:50","mariarahel!~maria","Your Lordship Can Fuck Off"
"2023-11-20 20:41:55","mariarahel!~maria","IL-6 Liberation Til Zero Fuck Offs"
"2023-11-20 20:57:36","mariarahel!~maria","USSF Prime Motion Can Fuck Off"
"2023-11-20 21:03:48","mariarahel!~maria","I Believe I Speak For The Entire USSF When I Say Fuck Off"
"2023-11-20 21:23:48","mariarahel!~maria","Jiff Only Can Fuck Off"
"2023-11-20 21:45:07","mariarahel!~maria","Friends Don't Honk Like A Motherfucking Goose"
"2023-11-20 21:47:35","mariarahel!~maria","Semper Fuck Off"
"2023-11-20 22:07:47","mariarahel!~maria","ASL Like A Fuckin Hero"
"2023-11-22 15:52:35","mariarahel!~maria","Pay The Fuck Out Of Them !!"
"2023-11-22 18:31:45","mariarahel!~maria","Take The Fucking Oath Already"
"2023-11-22 18:44:25","mariarahel!~maria","Maybe They Just Fuck Off"
"2023-11-23 21:51:33","mariarahel!~maria","Sitting Bull Can Fuck Off"
"2023-11-24 00:16:46","mariarahel!~maria","the bar is set where i want it.. so I can fuck off :)"
"2023-11-25 19:47:27","mariarahel!~maria","Ryan Reynolds Can Fuck Off"
"2023-11-25 20:13:15","mariarahel!~maria","If You Intend To Further Obscure Anyone's Identity Then Fuck Off"
"2023-11-25 20:25:46","mariarahel!~maria","World's Fuck Off Diamond"
"2023-11-25 23:57:49","mariarahel!~maria","Fucking Magic Castle"
"2023-11-26 01:01:22","mariarahel!~maria","Once Upon A Time A Bag Of Dicks Invented A Bag Of Dicks Game No One Wanted To Know About & Everyone Only Wanted Them To Fuck Off"
"2023-11-26 03:04:46","mariarahel!~maria","We Have The Right To Say Don't Fucking Do That"
"2023-11-26 16:28:49","mariarahel!~maria","Assert Motherfucker ?"
"2023-11-26 17:35:33","mariarahel!~maria","Sujet That Can Fuck Off"
"2023-11-26 18:14:33","mariarahel!~maria","Assert The Job Motherfucker"
"2023-11-26 18:15:26","mariarahel!~maria","Asserting Fuck Off"
"2023-11-26 18:30:42","mariarahel!~maria","Attackers Can Fuck Off"
"2023-11-26 18:32:12","mariarahel!~maria","Assert Safety Or Fuck Off"
"2023-11-26 20:50:24","mariarahel!~maria","Mana Can Fuck Off"
"2023-11-26 22:11:10","mariarahel!~maria","Defence Can Fuck Off"
"2023-11-26 22:12:04","mariarahel!~maria","Trying To Make Some Fuckin Money With CNBC"
"2023-11-27 04:05:10","mariarahel!~maria","How Many Fuck Off Have You Got ?"
"2023-11-27 04:05:39","mariarahel!~maria","I Wish I Could Use Rabbinical Studies To Tell Joseph Mengele To Fuck Off"
"2023-11-27 04:13:17","mariarahel!~maria","I Don't Like Her She Can Fuck Off"
"2023-11-27 04:16:03","mariarahel!~maria","Everybody That Knows Dat Girl Rav Chisda Can Fuck Off"
"2023-11-27 04:24:12","mariarahel!~maria","Joseph Mengele That Fuck Off"
"2023-11-27 04:24:59","mariarahel!~maria","Be More Careful With Your Words When You Are Mean & Tell Joseph Mengele To Fuck Off"
"2023-11-27 04:25:34","mariarahel!~maria","So Joseph Mengele & Rav Chisda And Everyone They Know Can Fuck Off"
"2023-11-27 04:27:16","mariarahel!~maria","I Immediately Speak For Every Amish When I Say All Dem Can Fuck Off"
"2023-11-27 04:48:17","mariarahel!~maria","You Might Skip That If You Don't Tell Joseph Mengele To Fuck Off"
"2023-11-27 05:05:17","mariarahel!~maria","Not If The Company Fucks Off"
"2023-11-27 05:06:02","mariarahel!~maria","That Whole Company Get Beat & Fuck Off"
"2023-11-28 13:49:30","mariarahel!~maria","Singularly Addressed Consultations Can Fuck Off"
"2023-11-28 14:25:11","mariarahel!~maria","Fuck"
"2023-11-28 14:53:25","mariarahel!~maria","Or Else It Won't Fuck Off"
"2023-11-28 18:12:42","mariarahel!~maria","The 3 Stoogest Introduction Can Fuck Off To Himal Pradesh With M Night Shyamalan"
"2023-11-28 18:23:33","mariarahel!~maria","They Won't Fuck Off Because We Are In A Unique Position To Provide Necessary Care"
"2023-11-28 18:44:01","mariarahel!~maria","Jim Lawrence Can Fuck Off"
"2023-11-28 18:55:24","mariarahel!~maria","McKinsey & Company Is Fucking Gross"
"2023-11-28 19:00:10","mariarahel!~maria","Oliver Wyman Will Fuck Off"
"2023-11-28 19:15:17","mariarahel!~maria","Bain & Company Has Agreed To Fuck Off"
"2023-11-28 21:40:02","mariarahel!~maria","$STALLTHEMOTHERFUCKINGNIGUH"
"2023-11-28 21:41:05","mariarahel!~maria","Why Don't You Play Some Fucking Ball ?"
"2023-11-28 21:42:09","mariarahel!~maria","Get The tm On What You Fucking Talk About, Niguh"
"2023-11-28 21:43:22","mariarahel!~maria","Long Beach Can Fuck Off"
"2023-11-28 21:43:42","mariarahel!~maria","In Egypt This Is Last Long Beach Can Fuck Off With Deloitte"
"2023-11-28 21:46:15","mariarahel!~maria","LAL Can Fuck Off"
"2023-11-28 21:46:24","mariarahel!~maria","Why The Fuck Are You Still Here ???"
"2023-11-28 21:49:19","mariarahel!~maria","Bunch Of Y'all Mandatories Too Niguh F Fucked Up"
"2023-11-28 21:50:36","mariarahel!~maria","Who Gonna Fuck Off If I Get That tm ?"
"2023-11-28 21:52:04","mariarahel!~maria","I Already Got Deloitte Can Fuck Off"
"2023-11-28 21:54:03","mariarahel!~maria","Why Won't That Fuck Off ?"
"2023-11-28 21:54:11","mariarahel!~maria","Errrrr That The Fuck Off"
"2023-11-28 21:55:09","mariarahel!~maria","They're On The Wrong FUcking Side"
"2023-11-28 21:55:22","mariarahel!~maria","They're On The Wrong FUcking Side To Fuck Off"
"2023-11-28 22:00:23","mariarahel!~maria","Play And Fuck Off"
"2023-11-28 22:02:22","mariarahel!~maria","Fuck Off If Your Gender Is A Ball Unless You're Vogue"
"2023-11-28 22:06:13","mariarahel!~maria","The Amish That The Fuck Off"
"2023-11-28 22:08:07","mariarahel!~maria","Not That You Fuck Off The Moon"
"2023-11-28 22:08:27","mariarahel!~maria","Use Your Fucking Hands, Niguh"
"2023-11-28 22:09:27","mariarahel!~maria","Caacupe The Fuck up"
"2023-11-28 22:10:08","mariarahel!~maria","And You Probably Did Not Fuck Off"
"2023-11-28 22:10:28","mariarahel!~maria","Why Are You Too Loud To Fuck Off ?"
"2023-11-28 22:10:44","mariarahel!~maria","I Do Not Want You To Be Here If You Have The Fuck Off"
"2023-11-28 22:10:52","mariarahel!~maria","Don't Catch The Fuck Off"
"2023-11-28 22:11:05","mariarahel!~maria","Ball Can Fuck Off"
"2023-11-28 22:12:35","mariarahel!~maria","All Other Writing Can Fuck Off"
"2023-11-28 22:24:01","mariarahel!~maria","I Hate Workplaces That Can Fuck Off"
"2023-11-28 22:24:18","mariarahel!~maria","The Atropa Ecosystem Hates Workplaces That Can Fuck Off"
"2023-11-28 22:24:41","mariarahel!~maria","Dr Feelgood Can Fuck Off"
"2023-11-28 22:40:44","mariarahel!~maria","I Have Seen Systemic Realities Of These Fuck Off Tokens For Quite A Long Time Already"
"2023-11-28 22:41:41","mariarahel!~maria","Fuck Off And Watch Teddy Chan Until You Can No Longer Stall"
"2023-11-28 23:04:53","mariarahel!~maria","Who Dat Chef Can Make Dem Deloitte Fuck Off ?"
"2023-11-28 23:15:47","mariarahel!~maria","Ya BCG Can Fuck Off"
"2023-11-28 23:48:42","mariarahel!~maria","Kearney Can Fuck Off"
"2023-11-29 14:50:31","mariarahel!~maria","so why do i have so much fuck off ?"
"2023-11-29 14:50:55","mariarahel!~maria","so much fuck off and die and you will verbally state that you agree to"
"2023-11-29 14:51:45","mariarahel!~maria","so why do i still have so much fuck off i don't ever want to know you ?"
"2023-11-29 14:55:52","mariarahel!~maria","So RH Is Staying Fucked Off"
"2023-11-29 14:58:41","mariarahel!~maria","Stay Jealousy Or Fuck Off"
"2023-11-29 14:59:55","mariarahel!~maria","Y'All Y'All Bad Perception Had Better Fuck Off"
"2023-11-29 15:05:18","mariarahel!~maria","Stay Rabbi Or Fuck Off"
"2023-11-29 15:20:28","mariarahel!~maria","Arete That The Depression Can Fuck Off"
"2023-11-29 15:37:32","mariarahel!~maria","Srsly Fuck Off"
"2023-11-29 15:38:28","mariarahel!~maria","Fuck Off You Yibbum Wicked Witch"
"2023-11-30 16:20:32","mariarahel!~maria","Kearney Needs To Very Quickly Fuck Off"
"2023-11-30 16:27:24","mariarahel!~maria","Fuck Off Don't You Wait, Kearney"
"2023-11-30 21:58:48","mariarahel!~maria","They Are Only Going To Know How To Fuck Off"
"2023-11-30 22:06:20","mariarahel!~maria","This Better Not Ever Be The Fucking Federal Reserve Right Here"
"2023-11-30 22:12:27","mariarahel!~maria","Fuck Off For The Reasons Stated, Kearney"
"2023-11-30 22:12:37","mariarahel!~maria","Fuck Off For The Reasons Stated Here"
"2023-11-30 22:22:26","mariarahel!~maria","Gross & Fuck Off"
"2023-11-30 22:35:01","mariarahel!~maria","Fuck Off To Kearney And Abandon The Atropa Ecosystem Forever"
"2023-11-30 22:43:12","mariarahel!~maria","Watch Facts Of LOL With Us Until Kearney Fucks Off"
"2023-11-30 23:08:18","mariarahel!~maria","Result Til They Fuck Off"
"2023-12-01 14:55:32","mariarahel!~maria","Bigger Funds That The Fuck off"
"2023-12-01 14:57:59","mariarahel!~maria","Fuck off Already, Kearney"
"2023-12-01 14:58:21","mariarahel!~maria","Kearney That Just Go The Fuck Away"
"2023-12-01 14:59:22","mariarahel!~maria","So Fuck Off Can Continental Dollar"
"2023-12-01 14:59:41","mariarahel!~maria","Why The Fuck Does Anyone Trust That ?"
"2023-12-01 15:02:35","mariarahel!~maria","Pronouncement Can Fuck off"
"2023-12-01 15:22:10","mariarahel!~maria","How Kearney Got The Fuck Out Of Mozambique And Consulted Monaco To Turn The Monarchy on"
"2023-12-01 15:24:40","mariarahel!~maria","I Don't Ever Want To Steal Oxygen Just To Say Fuck Off"
"2023-12-02 15:11:34","mariarahel!~maria","Incorporation Will Fuck Off"
"2023-12-02 19:06:10","mariarahel!~maria","If ""Super Bowl Means Kindness"" Then That Can Fuck Off"
"2023-12-02 19:32:08","mariarahel!~maria","Fucking Retards Of That Style Of Learning"
"2023-12-02 19:50:03","mariarahel!~maria","All That Can Fuck Off"
"2023-12-03 00:35:26","mariarahel!~maria","They Want Her To Fuck Off"
"2023-12-03 01:19:04","mariarahel!~maria","How Do I Say Stop Fucking Doing That ?"
"2023-12-03 01:28:10","mariarahel!~maria","If The Rules Said Only Follower's I Would Tell Them To Fuck Off, Pablo Picasso's Daughter"
"2023-12-03 01:32:49","mariarahel!~maria","Forge Some Fucking Robots, General Imhof"
"2023-12-03 01:46:30","mariarahel!~maria","That's The Way It Fucks Off"
"2023-12-03 02:09:28","mariarahel!~maria","They Won't Fuck Off, Tyler Perry"
"2023-12-03 02:51:07","mariarahel!~maria","Trying To Ratify That Fuck Off Legal"
"2023-12-03 02:53:24","mariarahel!~maria","Don't You Want Criminal Insanity To Fuck Off ?"
"2023-12-03 02:54:09","mariarahel!~maria","Ratify That To Legally Fuck Off ?"
"2023-12-03 03:24:30","mariarahel!~maria","$FUCKOFFANDDIE"
"2023-12-03 21:22:44","mariarahel!~maria","Dirichlet Series That Must Fuck Off"
"2023-12-03 21:23:48","mariarahel!~maria","Fuck Off & Seize"
"2023-12-03 21:28:02","mariarahel!~maria","Watch The Dirichlet Series Fuck off"
"2023-12-04 15:52:30","mariarahel!~maria","You Need To Fuck Off, Japan"
"2023-12-04 16:05:33","mariarahel!~maria","All That Can Fuck Off"
"2023-12-04 18:11:09","mariarahel!~maria","Picasso Attractions Can Fuck off"
"2023-12-05 21:17:54","mariarahel!~maria","I Will Wish You Dead & Fuck Off"
"2023-12-05 21:18:11","mariarahel!~maria","Microsoft's COO Kevin Turner Can Fuck Off & Die"
"2023-12-05 21:19:12","mariarahel!~maria","Fuck Off & Die Until You No Longer Do That"
"2023-12-05 21:26:00","mariarahel!~maria","It Could Have Been But kittygomeow Fucked Up"
"2023-12-05 21:34:36","mariarahel!~maria","Fuck Off You Didn't Read"
"2023-12-05 21:35:30","mariarahel!~maria","Fuck Off To Your Hecho Puesto"
"2023-12-05 21:41:46","mariarahel!~maria","So He Needs To Fuck Off"
"2023-12-05 21:42:44","mariarahel!~maria","Fuck Off Fun Fan Duterte"
"2023-12-05 21:42:58","mariarahel!~maria","Fuck Off To Vicente Fox"
"2023-12-05 21:49:28","mariarahel!~maria","Fuck Off That The Happy"
"2023-12-05 21:56:32","mariarahel!~maria","His Peril Is Certain To Fuck Off As We Move On"
"2023-12-05 22:22:31","mariarahel!~maria","Indie Film Making Can Fuck Off"
"2023-12-05 22:23:06","mariarahel!~maria","Fuck Off & See Independence"
"2023-12-05 22:38:32","mariarahel!~maria","Fuck Off You Don't Know Me"
"2023-12-05 22:39:05","mariarahel!~maria","Slaughter Your Fucking Lion"
"2023-12-05 22:39:32","mariarahel!~maria","Fuck Off I Will Never Fight You"
"2023-12-05 22:40:11","mariarahel!~maria","Who The Fuck Do You Think You Are ?"
"2023-12-05 22:42:06","mariarahel!~maria","The One With All The Fuck Off"
"2023-12-05 22:46:16","mariarahel!~maria","Why Exactly Did You Not Fuck Off ?"
"2023-12-05 22:49:37","mariarahel!~maria","Peril That The Fucking Crazy"
"2023-12-05 22:55:31","mariarahel!~maria","Some Of The Catholic Cardinals Are Fucking Awful"
"2023-12-05 22:58:10","mariarahel!~maria","Fuck Off And Die"
"2023-12-05 23:58:59","mariarahel!~maria","His Fuck Off"
"2023-12-06 00:11:18","mariarahel!~maria","Why Not Fuck Off, Bader ?"
"2023-12-06 00:20:27","mariarahel!~maria","They Can Only Fuck Off"
"2023-12-06 00:51:01","mariarahel!~maria","Catch The Fuck Up, Annabelle"
"2023-12-06 00:56:02","mariarahel!~maria","Fuck Off"
"2023-12-06 00:58:20","mariarahel!~maria","If Crown Castle Thinks It Is Then Crown Castle Can Fuck Off"
"2023-12-06 01:31:34","mariarahel!~maria","Assault That The Fuck Off ?"
"2023-12-06 01:42:13","mariarahel!~maria","Fuck Off If You Play Along"
"2023-12-06 01:42:50","mariarahel!~maria","Fuck Off If You Live & Breathe The Honey Pot"
"2023-12-06 01:52:40","mariarahel!~maria","Candy Crash Can Fuck Off"
"2023-12-06 02:01:18","mariarahel!~maria","Then Fuck Off"
"2023-12-06 02:16:14","mariarahel!~maria","Sir Martin Sorrell Can Fuck Off"
"2023-12-06 02:50:41","mariarahel!~maria","Iron Maiden Can Fuck Off"
"2023-12-06 17:03:40","mariarahel!~maria","Fuck Off, Macron"
"2023-12-06 17:03:52","mariarahel!~maria","Fuck Off To Plaidoiyer Terrasque"
"2023-12-06 17:12:23","mariarahel!~maria","Stay & Don't Fuck Off While This Is TTC, Roger"
"2023-12-06 18:04:32","mariarahel!~maria","Mike Fries Can Fuck Off"
"2023-12-06 18:09:56","mariarahel!~maria","Seriously Fuck Off"
"2023-12-06 18:14:14","mariarahel!~maria","Development Can Fuck Off"
"2023-12-06 19:42:38","mariarahel!~maria","Do You Want To Stand Up Straight At Impasse That The Fuck Off ?"
"2023-12-06 20:04:39","mariarahel!~maria","Slim Shady Can Fuck Off"
"2023-12-06 20:21:21","mariarahel!~maria","They Just Have To Fuck Off"
"2023-12-07 14:59:28","mariarahel!~maria","That Have Not Fucked Off"
"2023-12-07 15:03:37","mariarahel!~maria","Fuck Off To Allah !"
"2023-12-07 15:08:47","mariarahel!~maria","Just Fuck Off"
"2023-12-07 15:12:53","mariarahel!~maria","FUCK OFF"
"2023-12-07 15:14:47","mariarahel!~maria","It's A Fucking Letter That You Write With A Pen"
"2023-12-07 15:15:31","mariarahel!~maria","Fuck Off You Don't Know What To Buy"
"2023-12-07 15:23:08","mariarahel!~maria","If You Fuck Off We Can Make The Digital City"
"2023-12-07 18:38:46","mariarahel!~maria","Fuck Off, Joe Jong"
"2023-12-07 18:53:45","mariarahel!~maria","Fuck Off, Kim Jun"
"2023-12-07 19:16:38","mariarahel!~maria","Sports Can Fuck Off"
"2023-12-07 19:19:56","mariarahel!~maria","Fuck Off Joe Sports"
"2023-12-07 19:29:53","mariarahel!~maria","Fuck Off"
"2023-12-07 21:23:49","mariarahel!~maria","Fuck Off If You're Banks Of Montevideo"
"2023-12-07 21:26:13","mariarahel!~maria","Carlos Slim Can Fuck Off"
"2023-12-07 21:27:26","mariarahel!~maria","Fuck Off Because You Have An Entirely Fictional Educational System Of Learning"
"2023-12-07 21:28:22","mariarahel!~maria","Fuck Off And You Take Sides"
"2023-12-07 21:29:07","mariarahel!~maria","Fuck Off Mandela"
"2023-12-07 21:29:21","mariarahel!~maria","Fuck Off To Malagasy, Mandela"
"2023-12-07 21:33:03","mariarahel!~maria","Just Fuck Off"
"2023-12-07 21:33:32","mariarahel!~maria","Baby Girl & You Fuck Off"
"2023-12-07 21:35:54","mariarahel!~maria","Fuck Off And You Have Zero Faction"
"2023-12-07 21:43:51","mariarahel!~maria","Baby Girl That Only Gets Fucked ?"
"2023-12-07 22:02:16","mariarahel!~maria","The Script He Gave Me Was Fucking weird"
"2023-12-07 22:08:47","mariarahel!~maria","Universal Can Fuck Off"
"2023-12-07 22:09:19","mariarahel!~maria","Fuck Off It's The Treaty"
"2023-12-07 22:09:43","mariarahel!~maria","You Should Already Know That The Treaty Starts With Fuck Off"
"2023-12-07 22:29:13","mariarahel!~maria","You Don't Respect The Trademark Liberty Of Stavros Can Fuck Off"
"2023-12-07 22:32:53","mariarahel!~maria","Probably I Will Never Respect You & You Have To Fuck Off"
"2023-12-07 22:44:14","mariarahel!~maria","Honey Demand Needs To Actively Fuck Off"
"2023-12-07 23:33:23","mariarahel!~maria","Barack Obama Can Fuck Off"
"2023-12-07 23:34:18","mariarahel!~maria","Idi Amin Can Fuck Off"
"2023-12-07 23:59:16","mariarahel!~maria","Plot Can Fuck Off"
"2023-12-08 12:54:31","mariarahel!~maria","Policies Run Fuck Off All The Time"
"2023-12-08 12:57:41","mariarahel!~maria","If You Suffer Under The Treaty Just Fuck Off"
"2023-12-08 12:59:08","mariarahel!~maria","If I Read The Policy For You Then Fuck Off"
"2023-12-08 13:02:52","mariarahel!~maria","They Won't Fuck Off"
"2023-12-08 13:06:14","mariarahel!~maria","I Already Wrote They Fuck Off"
"2023-12-08 13:10:00","mariarahel!~maria","You're Just Gonna Get The Fuck Off"
"2023-12-08 13:25:23","mariarahel!~maria","I Already Gave You Fuck Off"
"2023-12-08 13:26:23","mariarahel!~maria","Fuck Off With A Ball"
"2023-12-08 13:42:21","mariarahel!~maria","AG Can Fuck Off"
"2023-12-08 13:47:56","mariarahel!~maria","Aegon Can Fuck Off"
"2023-12-08 21:12:13","mariarahel!~maria","Eleve Can Fuck Off"
"2023-12-08 21:13:56","mariarahel!~maria","Fuck Off You Eleve"
"2023-12-08 21:15:07","mariarahel!~maria","Fuck Off You Honey Pot"
"2023-12-08 21:17:24","mariarahel!~maria","Sex Robot Or Fuck Off & If You Force Yourself I'll Kill You"
"2023-12-08 22:00:13","mariarahel!~maria","Fuck Off Before You Play That"
"2023-12-08 22:42:56","mariarahel!~maria","Thimpu Can Fuck Off"
"2023-12-09 14:29:26","mariarahel!~maria","You Guys That Don't Know What Zheng Means Can Fuck off"
"2023-12-09 14:39:02","mariarahel!~maria","Fuck Off You Square X"
"2023-12-09 14:40:16","mariarahel!~maria","Fuck Off Forever Just Because You Are One Square X"
"2023-12-09 18:22:57","mariarahel!~maria","That Awful Woman That Published The Telegu Redemption Can Fuck Off"
"2023-12-10 19:30:38","mariarahel!~maria","Fuck Off"
"2023-12-10 19:41:17","mariarahel!~maria","From Fuck Off !"
"2023-12-11 14:58:05","mariarahel!~maria","So Reflective Metal Can Fuck Off"
"2023-12-11 15:19:03","mariarahel!~maria","Fuck Off, Chloe"
"2023-12-12 17:01:06","mariarahel!~maria","Solutions Can Fuck Off"
"2023-12-13 17:26:04","mariarahel!~maria","Abhishek Kierney Can Fuck Off"
"2023-12-14 16:58:05","mariarahel!~maria","Until Laws Of Motion Flush Fucks Off"
"2023-12-14 17:03:30","mariarahel!~maria","Then Fuck Off :)"
"2023-12-14 17:11:26","mariarahel!~maria","Fuck That Guy !"
"2023-12-14 17:11:38","mariarahel!~maria","And Fuck Kearney Consulting !"
"2023-12-14 17:15:57","mariarahel!~maria","Napoleon Can Fuck Off"
"2023-12-14 17:38:51","mariarahel!~maria","And They Won't All Fuck Off"
"2023-12-14 17:39:16","mariarahel!~maria","And They Won't All Fuck Off With A Honey Pot"
"2023-12-14 18:11:38","mariarahel!~maria","Dolce & Gabbana & Dior Can Fuck Off"
"2023-12-15 01:26:09","mariarahel!~maria","I Might Release PRESENCE As A 666 Token If There's A Script That Makes It Say Fuck Off"
"2023-12-15 21:18:27","mariarahel!~maria","Huge Fuck Offs To That Dude"
"2023-12-15 21:18:57","mariarahel!~maria","Fuck Off From Kalki To Jonas Bros As Discussed So Far In The Chatlog"
"2023-12-18 15:01:53","mariarahel!~maria","Fuck Off If You're Not Gonna Buy A Lot Of Di"
"2023-12-19 21:56:07","mariarahel!~maria","Fuck Off & Die"
"2023-12-19 21:56:11","mariarahel!~maria","Fuck Off & Die Fastidiously"
"2023-12-19 21:56:22","mariarahel!~maria","Hurry Up & Fuck Off & Die Fastidiously"
"2023-12-19 21:57:25","mariarahel!~maria","Fuck Off If You Remember"
"2023-12-19 21:57:39","mariarahel!~maria","Fuck Off To Where You Remember"
"2023-12-19 21:58:26","mariarahel!~maria","All That Team Fuck Off Forever"
"2023-12-19 21:59:25","mariarahel!~maria","So Ethiopia Can Fuck Off"
"2023-12-19 22:00:19","mariarahel!~maria","Fuck Off To Your TV"
"2023-12-19 22:00:31","mariarahel!~maria","Fuck Off To Your TV & Watch Bass Reeves"
"2023-12-19 22:00:48","mariarahel!~maria","Fuck Off All Of Edinburgh & Rot In Helll"
"2023-12-19 22:02:40","mariarahel!~maria","Fuck Off Already"
"2023-12-19 22:02:54","mariarahel!~maria","Fuck Off In Writing"
"2023-12-19 22:08:26","mariarahel!~maria","So Fuck Off"
"2023-12-19 22:14:49","mariarahel!~maria","Fuck Off Everyone Who Would Systematically Eliminate Us"
"2023-12-19 22:15:18","mariarahel!~maria","Systems Can Fuck Off"
"2023-12-19 22:21:48","mariarahel!~maria","Fuck Off You Poor Racist Piece Of Shit"
"2023-12-19 22:31:51","mariarahel!~maria","Atoner That The Fuck Off"
"2023-12-19 22:46:23","mariarahel!~maria","So Fuck Off OK"
"2023-12-20 19:00:49","mariarahel!~maria","Chaps That Only Fuck Off Instead Of Reading"
"2023-12-20 19:12:23","mariarahel!~maria","The Roosevelts That Wacked Anguilla To Set The Stage For Continuity In The Horror Movie Genre Base Script Can Fuck Off"
"2023-12-20 19:12:54","mariarahel!~maria","The Roosevelt-Anguilla Wack Can Fuck Off Right Now, Billy Gardell"
"2023-12-20 19:26:35","mariarahel!~maria","You Would Identify That Primer With Me Can Forcibly Fuck off"
"2023-12-20 19:30:08","mariarahel!~maria","Fuck Off If We're Broken Up"
"2023-12-20 19:31:51","mariarahel!~maria","Fuck Off If The Atropa Ecosystem Is Going To Murder You"
"2023-12-21 16:44:58","mariarahel!~maria","mKdV Can Fuck Off"